Profile Name,Title Name,Country,Utc Title Add Date
Renato,The Silent Sea,Brazil,2021-12-11
Renato,Vicky and Her Mystery,Brazil,2021-12-11
Renato,Hellbound,Brazil,2021-12-11
Renato,Reckoning,Brazil,2021-11-13
Renato,The Trip,Brazil,2021-11-13
Renato,Der Fall Collini,Brazil,2021-11-13
Renato,The Girl in the Spider's Web,Brazil,2021-11-13
Renato,Love Is Blind: Brazil,Brazil,2021-11-07
Renato,Marvel's Iron Fist,Brazil,2021-08-10
Renato,RESIDENT EVIL: Infinite Darkness,Brazil,2021-07-04
Renato,The 8th Night,Brazil,2021-07-04
Renato,Blindspot,Brazil,2021-07-04
Renato,Night School,Brazil,2021-07-04
Renato,How to Train Your Dragon: The Hidden World,Brazil,2021-07-04
Renato,Wonder Park,Brazil,2021-07-04
Renato,Masters of the Universe: Revelation,Brazil,2021-07-04
Renato,Elvis Presley: The Searcher,Brazil,2021-05-17
Renato,Lupin,Brazil,2021-05-17
Renato,Dog Gone Trouble,Brazil,2021-05-17
Renato,Who Killed Sara?,Brazil,2021-05-05
Renato,The Order,Brazil,2021-05-04
Renato,Luna Nera,Brazil,2021-05-04
Renato,Ozark,Brazil,2021-04-14
Renato,Colony,Brazil,2021-04-14
Renato,Titans,Brazil,2021-04-14
Renato,New Gods: Nezha Reborn,Brazil,2021-04-14
Renato,Away,Brazil,2021-04-14
Renato,Messiah,Brazil,2021-04-13
Renato,The Irregulars,Brazil,2021-04-13
Renato,Salvation,Brazil,2021-04-13
Renato,Hillbilly Elegy,Brazil,2021-03-04
Renato,The Dig,Brazil,2021-03-04
Renato,All Saints,Brazil,2021-03-04
Renato,Heaven Is for Real,Brazil,2021-03-04
Renato,Jurassic World Camp Cretaceous,Brazil,2020-09-26
Renato,The Devil All The Time,Brazil,2020-09-24
Renato,Fifty Shades Freed,Brazil,2020-09-16
Renato,Jurassic World Camp Cretaceous,Brazil,2020-09-13
Renato,The Emoji Movie,Brazil,2020-09-09
Renato,Cobra Kai,Brazil,2020-09-05
Renato,Cobra Kai,Brazil,2020-08-23
Renato,Fifty Shades Freed,Brazil,2020-08-23
Renato,Lucifer,Brazil,2020-08-23
Renato,The Devil All The Time,Brazil,2020-08-23
Renato,The Emoji Movie,Brazil,2020-08-21
Renato,Think Like a Dog,Brazil,2020-07-04
Renato,Operation Finale,Brazil,2020-06-15
Renato,The Photographer Of Mauthausen,Brazil,2020-06-15
Renato,You Me Her,Brazil,2020-03-01
Renato,WHAT / IF,Brazil,2019-06-02
Renato,You,Brazil,2019-03-25
Renato,Sex Education,Brazil,2019-03-25
Renato,"Love, Death & Robots",Brazil,2019-03-25
Renato,The Umbrella Academy,Brazil,2019-03-25
Renato,The Disappearance of Madeleine McCann,Brazil,2019-03-25
Renato,Loving Annabelle,Brazil,2018-10-22
Renato,The Client List,Brazil,2018-10-22
Renato,You Me Her,Brazil,2018-10-22
Renato,The 4400,Brazil,2017-04-28
Renato,The 9th Life of Louis Drax,Brazil,2017-04-28
Renato,The Lighthouse of the Orcas,Brazil,2017-04-28
Renato,Cleveland Abduction,Brazil,2017-04-28
Renato,Ex Machina,Brazil,2017-04-28
Renato,The Double,Brazil,2017-04-28
Renato,Sand Castle,Brazil,2017-04-28
Renato,The Babadook,Brazil,2017-04-06
Renato,Silent House,Brazil,2017-04-06
Renato,Let Me In,Brazil,2017-04-06
Renato,Haunt,Brazil,2017-04-06
Renato,Dark Circles,Brazil,2017-04-06
Renato,Para Elisa,Brazil,2017-04-06
Renato,How I Met Your Mother,Brazil,2017-04-03
Renato,13 Reasons Why,Brazil,2017-03-25
Renato,Fifty Shades of Grey,Brazil,2017-03-14
Renato,Racing Hearts,Brazil,2017-02-25
Renato,The Fall,Brazil,2017-02-25
Renato,The Siege of Jadotville,Brazil,2017-02-25
Renato,Kill Your Darlings,Brazil,2017-02-25
Renato,The Skin I Live In,Brazil,2017-02-03
Renato,August Rush,Brazil,2017-02-03
Renato,The Woman in Black,Brazil,2017-02-03
Renato,Wildflower,Brazil,2017-02-03
Renato,People Like Us,Brazil,2017-02-03
Renato,I'll Be Home for Christmas,Brazil,2017-02-03
Renato,Conviction,Brazil,2017-02-03
Renato,Dracula Untold,Brazil,2017-02-03
Renato,The Cider House Rules,Brazil,2017-01-18
Renato,Wildflower,Brazil,2017-01-18
Renato,In My Dreams,Brazil,2017-01-18
Renato,Remember Me,Brazil,2017-01-18
Renato,Awakenings,Brazil,2017-01-18
Renato,In Your Eyes,Brazil,2017-01-18
Renato,Remember Sunday,Brazil,2017-01-18
Renato,Endless Love,Brazil,2017-01-18
Renato,One Chance,Brazil,2017-01-18
Renato,October Baby,Brazil,2017-01-18
Renato,Safe Haven,Brazil,2017-01-18
Renato,Clinical,Brazil,2017-01-16
Renato,Correspondence,Brazil,2017-01-16
Renato,The African Doctor,Brazil,2017-01-16
Igor valente,You,Brazil,2021-10-12
Igor valente,Insiders,Brazil,2021-10-12
Igor valente,The Last Dance,Brazil,2021-09-06
Igor valente,"The Mind, Explained",Brazil,2021-09-06
Igor valente,Surviving Death,Brazil,2021-09-06
Igor valente,Mystery Lab,Brazil,2021-09-06
Igor valente,Shiny_Flakes: The Teenage Drug Lord,Brazil,2021-09-06
Igor valente,Chorão: Marginal Alado,Brazil,2021-09-05
Igor valente,ReMastered: Devil at the Crossroads,Brazil,2021-09-05
Igor valente,Lil Peep: Everybody’s Everything,Brazil,2021-09-05
Igor valente,The Umbrella Academy,Brazil,2021-09-05
MARINA,Unbelievable,Brazil,2021-12-08
MARINA,Changeling,Brazil,2021-12-08
MARINA,Hellbound,Brazil,2021-11-20
MARINA,There's Someone Inside Your House,Brazil,2021-11-01
MARINA,Hypnotic,Brazil,2021-11-01
MARINA,Intrusion,Brazil,2021-11-01
MARINA,The Chestnut Man,Brazil,2021-10-11
MARINA,Vivo,Brazil,2021-07-31
MARINA,Sputnik,Brazil,2021-07-31
MARINA,Elize Matsunaga: Once Upon a Crime,Brazil,2021-07-12
MARINA,Haseen Dillruba,Brazil,2021-07-12
MARINA,The Water Man,Brazil,2021-07-12
MARINA,Atypical,Brazil,2021-07-12
MARINA,Atypical,Brazil,2021-07-11
MARINA,Don't Breathe,Brazil,2021-07-11
MARINA,Workin' Moms,Brazil,2021-06-30
MARINA,The Mess You Leave Behind,Brazil,2021-04-14
MARINA,Hillbilly Elegy,Brazil,2021-04-05
MARINA,Sky High,Brazil,2021-04-05
MARINA,Run,Brazil,2021-04-05
MARINA,Paper Lives,Brazil,2021-04-05
MARINA,Only the Brave,Brazil,2021-03-14
MARINA,The Chalet,Brazil,2021-03-14
MARINA,The Night Clerk,Brazil,2021-03-14
MARINA,Capitani,Brazil,2021-03-07
MARINA,Snowpiercer,Brazil,2021-01-02
MARINA,Rebecca,Brazil,2020-12-26
MARINA,Sweet Magnolias,Brazil,2020-12-08
MARINA,Three Days of Christmas,Brazil,2020-12-08
MARINA,The Good Place,Brazil,2020-12-08
MARINA,Someone Has to Die,Brazil,2020-11-10
MARINA,Rebecca,Brazil,2020-11-10
MARINA,His House,Brazil,2020-11-02
MARINA,The Chalet,Brazil,2020-10-26
MARINA,The Valhalla Murders,Brazil,2020-10-26
MARINA,La Mante,Brazil,2020-10-26
MARINA,Secret City,Brazil,2020-10-26
MARINA,The Break,Brazil,2020-10-26
MARINA,Trapped,Brazil,2020-10-26
MARINA,A Babysitter's Guide to Monster Hunting,Brazil,2020-10-23
MARINA,Super Monsters: Dia de los Monsters,Brazil,2020-10-17
MARINA,The Haunting of Bly Manor,Brazil,2020-10-11
MARINA,Scooby-Doo 2: Monsters Unleashed,Brazil,2020-10-09
MARINA,Scooby-Doo 2: Monsters Unleashed,Brazil,2020-09-29
MARINA,Super Monsters: Dia de los Monsters,Brazil,2020-09-29
MARINA,A Babysitter's Guide to Monster Hunting,Brazil,2020-09-29
MARINA,Jurassic World Camp Cretaceous,Brazil,2020-09-26
MARINA,Dragon's Dogma,Brazil,2020-09-25
MARINA,The Lego Movie,Brazil,2020-09-20
MARINA,Pets United,Brazil,2020-09-19
MARINA,Outlander,Brazil,2020-09-13
MARINA,I'm Thinking of Ending Things,Brazil,2020-09-13
MARINA,Flood: A River's Rampage,Brazil,2020-09-12
MARINA,"Love, Guaranteed",Brazil,2020-09-11
MARINA,The Emoji Movie,Brazil,2020-09-09
MARINA,Cobra Kai,Brazil,2020-09-05
MARINA,Dragon's Dogma,Brazil,2020-09-02
MARINA,Pets United,Brazil,2020-09-02
MARINA,The Lego Movie,Brazil,2020-09-02
MARINA,Flood: A River's Rampage,Brazil,2020-09-02
MARINA,Jurassic World Camp Cretaceous,Brazil,2020-09-02
MARINA,Alien TV,Brazil,2020-08-29
MARINA,Biohackers,Brazil,2020-08-24
MARINA,Glitch,Brazil,2020-08-24
MARINA,Ozark,Brazil,2020-08-24
MARINA,The Crimes That Bind,Brazil,2020-08-23
MARINA,Cobra Kai,Brazil,2020-08-22
MARINA,Time Trap,Brazil,2020-08-22
MARINA,The Emoji Movie,Brazil,2020-08-22
MARINA,Nigerian Prince,Brazil,2020-08-22
MARINA,"Love, Guaranteed",Brazil,2020-08-22
MARINA,Pacific Rim: Uprising,Brazil,2020-08-21
MARINA,Nigerian Prince,Brazil,2020-08-12
MARINA,Time Trap,Brazil,2020-08-12
MARINA,Pacific Rim: Uprising,Brazil,2020-08-12
MARINA,Alien TV,Brazil,2020-08-12
MARINA,Santa Clarita Diet,Brazil,2020-07-27
MARINA,Pee-wee's Playhouse,Brazil,2020-06-03
MARINA,Pee-wee's Big Holiday,Brazil,2020-06-03
MARINA,The Half Of It,Brazil,2020-06-02
MARINA,Children of Men,Brazil,2020-05-30
MARINA,The Blacklist,Brazil,2020-05-30
MARINA,The Silence of the Marsh,Brazil,2020-04-23
MARINA,Focus,Brazil,2020-04-23
MARINA,Freud,Brazil,2020-03-24
MARINA,The Lucky One,Brazil,2020-01-29
MARINA,Safe Haven,Brazil,2020-01-29
MARINA,The Best of Me,Brazil,2020-01-29
MARINA,Eternal Sunshine of the Spotless Mind,Brazil,2020-01-17
MARINA,Split,Brazil,2020-01-16
MARINA,Eye for an Eye,Brazil,2020-01-16
MARINA,Personal Shopper,Brazil,2020-01-16
MARINA,Come Sunday,Brazil,2019-12-28
MARINA,God's Not Dead 2,Brazil,2019-12-28
MARINA,Running Wild,Brazil,2019-12-28
MARINA,Pray For Rain,Brazil,2019-12-28
MARINA,Lion,Brazil,2019-12-28
MARINA,The Choice,Brazil,2019-11-30
MARINA,You're Not You,Brazil,2019-11-30
MARINA,Earthquake Bird,Brazil,2019-11-30
MARINA,Fathers & Daughters,Brazil,2019-11-30
MARINA,Irreplaceable You,Brazil,2019-11-30
MARINA,The Drowning,Brazil,2019-08-19
MARINA,The 11th Hour,Brazil,2019-08-19
MARINA,Shut In,Brazil,2019-08-19
MARINA,Amnesiac,Brazil,2019-08-19
MARINA,Secret Obsession,Brazil,2019-08-19
MARINA,The Tree of Blood,Brazil,2019-02-20
MARINA,Dark,Brazil,2018-08-01
MARINA,The Alienist,Brazil,2018-08-01
MARINA,Requiem,Brazil,2018-08-01
MARINA,Retribution,Brazil,2018-08-01
MARINA,MINDHUNTER,Brazil,2018-08-01
MARINA,Amazing Interiors,Brazil,2018-08-01
MARINA,Zumbo's Just Desserts,Brazil,2018-08-01
MARINA,Set It Up,Brazil,2018-07-01
MARINA,The End of the F***ing World,Brazil,2018-02-04
Caio,Despicable Me 2,Brazil,2021-06-10
Caio,Mickey's Once Upon a Christmas,Brazil,2018-11-17
